<NotepadPlus>
    <UserLang name="Tamarin" ext="spthy">
        <Settings>
            <Global caseIgnored="no" />
            <TreatAsSymbol comment="yes" commentLine="yes" />
            <Prefix words1="no" words2="no" words3="no" words4="no" />
        </Settings>
        <KeywordLists>
            <Keywords name="Delimiters">&apos;00&apos;00</Keywords>
            <Keywords name="Folder+"></Keywords>
            <Keywords name="Folder-"></Keywords>
            <Keywords name="Operators">&quot; # $ ( ) , . : [ ] { } ~ &lt; &gt;</Keywords>
            <Keywords name="Comment">1/* 2*/ 0//</Keywords>
            <Keywords name="Words1">axiom lemma equations functions builtins protocol property theory begin end subsection section text rule</Keywords>
            <Keywords name="Words2">h sk pk Fr In Out fr in out pb lts diffie-hellman symmetric-encryption asymmetric-encryption exists-trace all-traces enable assertions modulo default_rules anb-proto in let Fresh fresh Public public signing hashing</Keywords>
            <Keywords name="Words3">@ &amp; | ==&gt; = &lt;=&gt;</Keywords>
            <Keywords name="Words4">All Ex</Keywords>
        </KeywordLists>
        <Styles>
            <WordsStyle name="DEFAULT" styleID="11" fgColor="000000" bgColor="FFFFFF" fontName="" fontStyle="0" />
            <WordsStyle name="FOLDEROPEN" styleID="12" fgColor="000000" bgColor="FFFFFF" fontName="" fontStyle="0" />
            <WordsStyle name="FOLDERCLOSE" styleID="13" fgColor="000000" bgColor="FFFFFF" fontName="" fontStyle="0" />
            <WordsStyle name="KEYWORD1" styleID="5" fgColor="F200F2" bgColor="FFFFFF" fontName="" fontStyle="1" />
            <WordsStyle name="KEYWORD2" styleID="6" fgColor="0000FF" bgColor="FFFFFF" fontName="" fontStyle="1" />
            <WordsStyle name="KEYWORD3" styleID="7" fgColor="0080FF" bgColor="FFFFFF" fontName="" fontStyle="0" />
            <WordsStyle name="KEYWORD4" styleID="8" fgColor="0080FF" bgColor="FFFFFF" fontName="" fontStyle="2" />
            <WordsStyle name="COMMENT" styleID="1" fgColor="008000" bgColor="FFFFFF" fontName="" fontStyle="0" />
            <WordsStyle name="COMMENT LINE" styleID="2" fgColor="008000" bgColor="FFFFFF" fontName="" fontStyle="0" />
            <WordsStyle name="NUMBER" styleID="4" fgColor="000000" bgColor="FFFFFF" fontName="" fontStyle="0" />
            <WordsStyle name="OPERATOR" styleID="10" fgColor="000000" bgColor="FFFFFF" fontName="" fontStyle="0" />
            <WordsStyle name="DELIMINER1" styleID="14" fgColor="AE0000" bgColor="FFFFFF" fontName="" fontStyle="2" />
            <WordsStyle name="DELIMINER2" styleID="15" fgColor="000000" bgColor="FFFFFF" fontName="" fontStyle="0" />
            <WordsStyle name="DELIMINER3" styleID="16" fgColor="000000" bgColor="FFFFFF" fontName="" fontStyle="0" />
        </Styles>
    </UserLang>
</NotepadPlus>
