<?xml version="1.0" encoding="utf-8"?>
<!DOCTYPE nta PUBLIC '-//Uppaal Team//DTD Flat System 1.1//EN' 'http://www.it.uu.se/research/group/darts/uppaal/flat-1_2.dtd'>
<nta>
	<declaration>// Place global declarations here.</declaration>
	<template>
		<name x="5" y="5">Jobber</name>
		<declaration>// Place local declarations here.</declaration>
		<location id="id0" x="51" y="127">
			<name x="41" y="93">work_hard</name>
		</location>
		<location id="id1" x="-110" y="127">
			<name x="-120" y="93">hard</name>
		</location>
		<location id="id2" x="42" y="34">
			<name x="32" y="0">work_av_hammer</name>
		</location>
		<location id="id3" x="42" y="-59">
			<name x="32" y="-93">work_av_mailet</name>
		</location>
		<location id="id4" x="-102" y="-17">
			<name x="-112" y="-51">average</name>
		</location>
		<location id="id5" x="59" y="-127">
			<name x="49" y="-161">work_easy</name>
		</location>
		<location id="id6" x="-93" y="-127">
			<name x="-103" y="-161">easy</name>
		</location>
		<location id="id7" x="-212" y="-17">
			<name x="-222" y="-51">begin</name>
		</location>
		<init ref="id7"/>
		<transition>
			<source ref="id2"/>
			<target ref="id7"/>
			<nail x="212" y="34"/>
			<nail x="212" y="-221"/>
			<nail x="-221" y="-221"/>
		</transition>
		<transition>
			<source ref="id3"/>
			<target ref="id7"/>
			<nail x="212" y="-59"/>
			<nail x="212" y="-221"/>
			<nail x="-229" y="-221"/>
			<nail x="-212" y="-34"/>
		</transition>
		<transition>
			<source ref="id5"/>
			<target ref="id7"/>
			<nail x="212" y="-127"/>
			<nail x="212" y="-127"/>
			<nail x="212" y="-221"/>
			<nail x="-229" y="-221"/>
			<nail x="-212" y="-34"/>
		</transition>
		<transition>
			<source ref="id0"/>
			<target ref="id7"/>
			<nail x="212" y="127"/>
			<nail x="212" y="-221"/>
			<nail x="-229" y="-221"/>
		</transition>
		<transition>
			<source ref="id1"/>
			<target ref="id0"/>
		</transition>
		<transition>
			<source ref="id7"/>
			<target ref="id1"/>
		</transition>
		<transition>
			<source ref="id4"/>
			<target ref="id2"/>
		</transition>
		<transition>
			<source ref="id4"/>
			<target ref="id3"/>
		</transition>
		<transition>
			<source ref="id7"/>
			<target ref="id4"/>
		</transition>
		<transition>
			<source ref="id6"/>
			<target ref="id5"/>
		</transition>
		<transition>
			<source ref="id7"/>
			<target ref="id6"/>
		</transition>
	</template>
	<system>// Place template instantiations here.
Jobber1 = Jobber();
Jobber2 = Jobber();
// List one or more processes to be composed into a system.
system Jobber1, Jobber2;
    </system>
	<queries>
	</queries>
</nta>
