<?xml version="1.0" encoding="utf-8"?>
<!DOCTYPE nta PUBLIC '-//Uppaal Team//DTD Flat System 1.1//EN' 'http://www.it.uu.se/research/group/darts/uppaal/flat-1_2.dtd'>
<nta>
	<declaration>// Place global declarations here.</declaration>
	<template>
		<name x="5" y="5">Template</name>
		<declaration>// Place local declarations here.</declaration>
		<location id="id0" x="-144" y="42">
			<name x="-154" y="8">cs</name>
		</location>
		<location id="id1" x="0" y="51">
			<name x="-10" y="17">wait</name>
		</location>
		<location id="id2" x="0" y="-144">
			<name x="-10" y="-178">want</name>
		</location>
		<location id="id3" x="-144" y="-144">
			<name x="-154" y="-178">idle</name>
		</location>
		<init ref="id3"/>
		<transition>
			<source ref="id1"/>
			<target ref="id0"/>
			<label kind="guard" x="-17" y="38">req==2</label>
			<nail x="-34" y="93"/>
			<nail x="-85" y="93"/>
		</transition>
		<transition>
			<source ref="id1"/>
			<target ref="id0"/>
			<label kind="guard" x="-17" y="-5">turn==me</label>
			<nail x="-34" y="8"/>
			<nail x="-93" y="8"/>
		</transition>
		<transition>
			<source ref="id0"/>
			<target ref="id3"/>
			<label kind="guard" x="-144" y="-85">req1 = 0</label>
		</transition>
		<transition>
			<source ref="id2"/>
			<target ref="id1"/>
			<label kind="guard" x="0" y="-80">turn=(me==1?2:1)</label>
		</transition>
		<transition>
			<source ref="id3"/>
			<target ref="id2"/>
			<label kind="guard" x="-126" y="-178">req1 = 1</label>
		</transition>
	</template>
	<system>// Place template instantiations here.
Process = Template();
// List one or more processes to be composed into a system.
system Process;
    </system>
	<queries>
	</queries>
</nta>
